Name,UnitID,2022_Doctorate_Recipients,2021_Doctorate_Recipients,2020_Doctorate_Recipients,2019_Doctorate_Recipients,2018_Doctorate_Recipients,2017_Doctorate_Recipients,2016_Doctorate_Recipients,2015_Doctorate_Recipients,2014_Doctorate_Recipients,2013_Doctorate_Recipients,2012_Doctorate_Recipients
Adelphi U.,188429,29,23,25,29,28,26,18,26,37,27,19
Air Force Institute of Technology,200697,45,26,27,35,36,37,41,40,35,39,34
Alabama A&M U.,100654,6,4,9,3,8,5,8,4,7,7,11
Alabama State U.,100724,2,14,18,4,8,6,22,12,14,13,10
Albany Medical C.,188580,11,11,9,5,5,9,7,12,6,8,7
Albert Einstein C. Medicine,385415,35,25,32,47,-,-,-,-,-,-,-
Alfred U.,188641,5,-,1,3,2,2,5,2,2,2,6
"Alliant International U., San Diego",110468,62,63,82,87,92,83,114,118,111,97,121
American International C.,164447,-,-,-,-,-,-,-,-,-,-,-
American U.,131159,52,36,45,42,42,69,51,58,52,55,56
Amridge U.,100690,-,-,-,-,-,-,-,-,-,-,-
"Ana G. Mendez U. System, Gurabo",243601,5,-,8,5,-,-,-,-,-,-,-
Andrews U.,168740,13,24,25,23,24,24,26,33,31,21,31
"Antioch U., Keene",245865,10,10,16,9,3,8,10,6,3,3,5
Appalachian State U.,197869,-,-,-,-,-,-,-,-,-,-,-
Aquinas Institute of Theology,176600,-,-,-,-,-,-,-,-,-,-,-
"Argosy U., Alameda",121983,-,-,-,-,-,-,-,-,-,-,-
"Argosy U., Orange County",436438,-,-,-,-,-,-,-,-,-,-,-
"Argosy U., Sarasota",137148,-,-,-,-,-,-,-,-,-,-,-
"Arizona State U., Tempe",104151,506,508,525,390,338,369,410,470,427,465,442
"Arkansas State U., Jonesboro",106458,9,3,9,3,8,14,8,6,8,8,6
Asbury Theological Seminary,156222,11,10,12,16,19,10,8,13,13,11,9
"Auburn U., Auburn",100858,285,250,269,253,253,284,270,257,250,236,248
Augusta U.,482149,30,23,26,22,26,16,20,30,27,-,-
Azusa Pacific U.,109785,15,12,22,17,19,13,13,10,2,5,1
Ball State U.,150136,23,26,29,33,29,36,25,34,32,33,31
Bard C.,189088,2,6,3,5,-,-,-,-,-,-,-
Barry U.,132471,13,11,17,19,29,27,19,13,19,21,28
Baylor C. Medicine,223223,86,78,78,112,65,79,76,87,90,84,72
Baylor U.,223232,110,97,94,92,79,73,79,69,78,70,76
Benedictine U.,145619,15,17,11,15,16,20,20,9,23,26,9
Bentley U.,164739,7,1,6,6,4,6,6,7,1,12,8
Biola U.,110097,29,24,29,28,22,17,29,30,33,22,18
Boise State U.,142115,34,25,28,23,11,16,2,2,18,1,4
Boston C.,164924,142,117,116,133,137,120,130,139,135,132,117
Boston U.,164988,370,315,337,311,342,345,384,399,421,394,389
Bowie State U.,162007,1,1,3,1,4,3,2,3,1,-,1
"Bowling Green State U., Bowling Green",201441,90,72,98,72,89,86,66,78,105,76,87
Brandeis U.,165015,76,75,77,77,81,86,83,100,94,93,81
"Brigham Young U., Provo",230038,110,88,110,92,93,92,107,97,84,100,92
Brite Divinity S.,450304,2,1,4,4,5,4,1,3,3,8,3
Brown U.,217156,289,172,216,225,208,210,235,215,227,204,232
Bryn Mawr C.,211273,14,5,8,8,15,15,14,14,16,12,14
Caldwell U.,183910,2,4,2,3,-,-,-,-,-,-,-
California Institute of Integral Studies,110316,28,49,40,40,31,35,47,37,41,50,40
California Institute of Technology,110404,204,145,146,206,190,180,189,182,181,236,172
California Institute of the Arts,111081,-,2,2,1,-,-,-,-,-,-,-
Calvin Theological Seminary,169099,2,3,2,4,2,2,4,7,2,4,6
Campbell U.,198136,-,-,-,-,-,-,-,-,-,-,-
Cardinal Stritch U.,238430,20,24,25,21,31,23,36,27,30,25,14
"Carlos Albizu U., Miami",132842,-,-,-,-,-,-,-,-,-,-,-
"Carlos Albizu U., San Juan",241331,6,21,41,23,22,-,38,28,3,17,38
Carnegie Mellon U.,211440,383,280,300,342,307,308,317,311,280,294,284
Case Western Reserve U.,201645,190,193,197,191,200,196,212,185,194,162,182
Catholic U. of America,131283,73,62,104,106,86,81,92,87,69,71,87
Central Michigan U.,169248,37,23,39,40,39,22,25,25,23,9,24
Chapman U.,111948,39,36,24,18,14,18,24,13,10,8,-
Chicago Theological Seminary,144014,4,4,2,4,1,6,4,5,3,3,5
"City of Hope, Irell and Manella Graduate School of Biological Sciences",441238,14,10,11,8,11,9,7,13,15,10,7
Claremont Graduate U.,112251,99,114,137,140,111,168,146,117,110,101,135
Claremont School of Theology,124283,15,15,16,20,9,12,8,15,6,6,7
Clark Atlanta U.,138947,7,22,23,16,15,19,16,15,20,21,12
Clark U.,165334,26,24,37,15,14,31,38,24,24,33,26
Clarkson U.,190044,37,28,22,39,45,32,18,29,34,27,26
Clemson U.,217882,239,220,243,243,232,235,235,237,217,187,219
Cleveland Institute of Music,202073,-,-,-,-,-,-,-,-,-,-,-
Cleveland State U.,202134,37,42,42,39,45,51,54,59,38,44,33
Coastal Carolina U.,218724,12,-,-,-,-,-,-,-,-,-,-
Cold Spring Harbor Laboratory,436377,14,-,7,7,5,7,8,12,11,-,-
Colorado School of Mines,126775,124,87,126,94,111,98,115,124,96,84,59
"Colorado State U., Fort Collins",126818,311,220,245,263,250,223,249,251,230,232,236
"Colorado Technical U., Colorado Springs",126827,-,-,-,-,-,-,-,-,-,-,-
Columbia U. in the City of New York,190150,577,585,673,573,659,481,500,474,537,517,454
Concordia Seminary,177092,8,8,8,4,8,6,6,7,6,5,2
Cooper Union for the Advancement of Science and Art,190372,-,-,-,-,-,-,-,-,-,-,-
Cornell U.,190415,509,472,514,527,539,496,492,481,507,488,503
"Cornell U., Weill Cornell Medical College",190424,81,62,56,77,55,54,58,66,73,72,56
Creighton U.,181002,3,2,9,7,4,7,8,6,8,6,4
"CUNY, City C.",190567,17,22,30,26,34,30,38,33,18,5,-
"CUNY, Graduate Center",190576,336,337,394,394,410,419,431,408,469,450,427
Dakota State U.,219082,13,14,15,11,7,10,6,5,7,4,4
Dallas Theological Seminary,224305,6,4,7,10,10,7,8,6,9,10,9
Dartmouth C.,182670,111,75,108,100,81,83,87,85,95,91,73
Delaware State U.,130934,4,6,7,6,7,7,11,6,1,7,2
Delta State U.,175616,-,-,-,-,-,-,-,-,-,-,-
DePaul U.,144740,31,14,17,17,22,9,27,21,19,27,19
Drake U.,153269,-,-,-,-,-,-,-,-,-,-,-
Drew U.,184348,12,9,6,17,13,10,16,19,18,20,23
Drexel U.,212054,154,149,161,148,162,147,172,173,150,161,153
Duke U.,198419,417,384,407,382,400,420,408,366,338,370,342
Duquesne U.,212106,72,69,70,82,77,58,71,69,63,65,58
East Carolina U.,198464,29,48,39,56,41,52,40,56,42,39,36
East Tennessee State U.,220075,25,25,30,26,29,33,24,26,24,11,9
Eastern Michigan U.,169798,23,32,39,40,44,53,43,14,13,15,9
Eastern Virginia Medical School,231970,-,-,1,4,-,-,-,-,-,-,-
"Elmezzi Graduate School of Molecular Medicine, The",486080,3,3,3,5,-,-,-,-,-,-,-
"Embry-Riddle Aeronautical U., Daytona Beach",133553,38,21,23,23,13,13,3,5,-,-,-
"Emory U., Atlanta",139658,239,211,233,216,246,229,228,247,248,215,233
Emporia State U.,155025,-,-,-,-,-,-,-,-,-,-,-
"Fairleigh Dickinson U., Teaneck",184603,17,11,10,14,12,15,13,12,17,10,11
Fayetteville State U.,198543,-,-,-,-,-,-,-,-,-,-,-
Fielding Graduate U.,114549,83,112,79,74,96,108,93,105,126,94,79
Five Towns C.,191205,1,2,3,1,-,-,-,-,-,-,-
Florida A&M U.,133650,32,22,16,18,16,19,14,15,21,21,16
Florida Atlantic U.,133669,92,96,99,110,115,113,103,99,104,89,104
Florida Institute of Technology,133881,62,58,79,83,57,57,49,39,42,23,36
Florida International U.,133951,208,193,186,204,187,184,138,173,143,135,129
Florida State U.,134097,366,333,381,381,373,363,362,383,366,343,395
Fordham U.,191241,85,94,90,102,114,112,107,105,102,114,91
Fuller Theological Seminary,114840,31,41,35,53,29,50,33,48,48,44,55
Gallaudet U.,131450,11,16,16,12,13,12,10,11,7,16,12
Gannon U.,212601,-,-,-,-,-,-,2,4,-,8,6
Garrett-Evangelical Theological Seminary,145275,8,5,6,9,8,9,8,14,9,7,10
George Mason U.,232186,247,233,234,259,272,262,290,228,240,239,202
George Washington U.,131469,199,200,186,227,255,242,252,214,231,222,217
Georgetown U.,131496,114,125,120,110,108,104,111,107,127,124,107
Georgia Health Sciences U.,140401,-,-,-,-,-,-,-,-,-,22,23
Georgia Institute of Technology,139755,560,563,512,503,512,503,531,526,551,488,473
Georgia Southern U.,139931,1,1,-,1,-,-,2,6,3,1,-
Georgia State U.,139940,223,196,192,233,225,228,198,217,167,189,207
Gerstner Sloan-Kettering Graduate School of Biomedical Sciences,458511,8,7,8,14,9,-,-,-,-,-,-
"Golden Gate Baptist Theological Seminary, Mill Valley",115047,-,-,-,-,-,-,-,-,-,-,-
Golden Gate U.,115083,-,-,-,-,-,-,-,-,-,-,-
Gonzaga U.,235316,13,12,4,13,16,11,9,15,13,10,22
Grace C. and Theological Seminary,150677,-,-,-,-,-,-,-,-,-,-,-
Graduate Theological Union,115214,15,20,17,17,22,33,25,18,13,18,21
Grambling State U.,159009,3,11,5,9,10,9,3,5,2,3,5
Hamline U.,173665,-,-,-,-,-,-,-,-,-,-,-
Hampton U.,232265,28,26,13,14,17,21,16,23,12,8,5
Hartford Seminary,129491,-,-,-,-,-,-,-,-,-,-,-
Harvard U.,166027,753,621,628,738,717,683,677,706,715,674,694
"Hebrew Union C.-Jewish Institute of Religion, New York City",203067,5,1,2,1,9,-,2,4,2,7,6
Hofstra U.,191649,20,22,21,27,22,19,25,15,23,11,19
Howard U.,131520,81,96,106,86,82,105,93,99,105,96,84
Icahn School of Medicine at Mount Sinai,193405,64,36,45,30,47,43,24,26,46,33,44
Idaho State U.,142276,28,32,32,39,39,34,38,33,28,44,37
Illinois Institute of Technology,145725,86,88,82,103,90,85,86,85,76,99,68
Illinois State U.,145813,41,35,41,30,32,34,43,47,42,31,29
Indiana State U.,151324,48,38,52,55,80,70,73,74,47,49,62
Indiana U. Pennsylvania,213020,72,70,76,68,59,60,66,62,73,72,103
"Indiana U.-Purdue U., Indianapolis",151111,89,101,106,83,91,87,74,67,61,-,-
"Indiana U., Bloomington",151351,373,375,395,428,427,402,405,448,380,458,402
"Institute for Clinical Social Work, Chicago",145886,8,9,11,3,11,8,14,7,5,3,4
Institute of Paper Science and Technology,238883,-,-,-,-,-,-,-,-,-,-,-
Institution Defunct-MA,888825,-,-,-,-,-,-,-,-,-,-,-
Institution Defunct-NY,888836,-,-,-,-,-,-,-,-,-,-,-
"Inter American U. Puerto Rico, Metro",242653,9,11,8,18,16,31,28,30,26,25,24
Iowa State U.,153603,367,325,407,389,390,350,322,320,349,349,376
Jackson State U.,175856,54,69,64,85,58,75,64,58,61,68,52
James Madison U.,232423,15,21,9,13,13,2,9,15,5,7,-
Jewish Theological Seminary of America,192040,1,1,2,3,-,2,2,4,4,4,4
Johns Hopkins U.,162928,507,423,426,455,507,495,476,492,447,486,449
"Johns Hopkins U., Peabody Campus",163611,-,-,-,-,-,-,-,-,-,-,-
Juilliard School,192110,-,-,1,1,2,-,-,-,3,1,3
Kansas State U.,155399,189,199,203,195,170,179,175,184,160,156,154
Keck Graduate Institute,440031,2,4,1,6,3,1,1,-,1,1,1
Kennesaw State U.,486840,14,10,27,16,6,8,4,7,-,1,-
"Kent State U., Kent",203517,140,130,156,176,159,170,156,167,144,148,138
La Sierra U.,117627,4,8,7,7,6,7,8,6,5,10,5
Lamar U.,226091,10,16,15,13,13,13,11,18,14,10,9
Lawrence Technological U.,170675,3,1,1,4,-,-,-,-,-,-,-
Lehigh U.,213543,105,87,95,106,110,89,121,101,86,85,88
Lincoln Memorial U.,220631,1,-,-,-,-,-,-,-,-,-,-
Loma Linda U.,117636,36,16,35,38,40,41,55,44,40,27,41
Long Island U.,192448,1,1,3,1,2,1,3,4,5,3,5
"Long Island U., Brooklyn",192439,25,19,16,24,22,11,12,14,10,7,17
"Louisiana State U., Baton Rouge",159391,304,277,328,300,283,296,324,312,328,291,303
"Louisiana State U., Health Sciences Center, New Orleans",159373,16,17,15,21,13,17,24,26,20,28,18
"Louisiana State U., Health Sciences Center, Shreveport",435000,11,8,8,15,9,7,12,8,9,11,16
"Louisiana State U., Shreveport",159416,-,-,-,-,-,-,-,-,-,-,-
Louisiana Tech U.,159647,51,33,39,36,32,44,38,35,33,44,35
"Loyola U., Chicago",146719,67,67,69,73,73,99,74,98,84,126,107
"Loyola U., Maryland",163046,1,5,6,10,6,7,5,5,8,5,10
"Loyola U., New Orleans",159656,-,-,-,-,-,-,-,-,-,-,-
Luther Seminary,173896,1,1,-,5,-,-,8,8,8,3,8
"Lutheran School of Theology, Chicago",146728,5,2,8,9,6,6,2,4,8,6,7
"Lutheran Theological Seminary, Philadelphia",213640,-,-,-,1,-,8,1,-,4,3,1
Lynn U.,132657,-,-,-,-,-,-,-,-,1,-,4
Maharishi U. Management,153861,5,2,6,5,6,3,3,3,4,4,5
Manhattan School of Music,192712,-,-,-,-,-,-,-,-,-,-,-
Marquette U.,239105,68,56,57,70,64,58,76,64,66,72,81
Marshall U.,237525,20,21,11,24,19,4,19,18,10,13,16
Marywood U.,213826,7,5,11,11,10,15,13,10,11,5,19
Massachusetts C. Pharmacy and Health Sciences,166656,7,4,9,3,-,7,5,3,2,2,1
Massachusetts Institute of Technology,166683,735,568,579,685,645,622,646,606,594,587,573
"Mayo Clinic, Mayo Graduate School",365426,29,26,31,34,26,36,25,41,23,22,28
McNeese State U.,159717,-,-,-,-,-,-,-,-,-,-,-
MCP Hahnemann University,212841,-,-,-,-,-,-,-,-,-,-,-
Medical C. Wisconsin,239169,26,37,32,32,32,28,24,27,43,37,37
Medical U. South Carolina,218335,29,35,37,39,57,25,40,33,46,27,36
Meharry Medical C.,220792,8,5,7,7,3,8,4,3,9,10,9
Mercer U.,140447,2,8,6,10,14,7,3,5,14,5,7
MGH Institute of Health Professions,166869,6,-,-,-,-,-,-,-,-,-,-
"Miami U., Oxford",204024,48,50,50,59,49,58,45,69,61,48,55
Michigan State U.,171100,519,475,509,518,491,511,497,569,506,461,478
Michigan Technological U.,171128,74,84,85,86,93,88,86,75,73,75,63
Mid-America Baptist Theological Seminary,220914,3,8,6,6,8,4,3,12,9,6,7
Middle Tennessee State U.,220978,46,37,45,40,48,60,37,30,32,23,20
Middlebury C.,230959,4,1,5,6,4,7,8,7,7,3,2
Midwestern Baptist Theological Seminary,178208,43,38,28,11,3,2,-,4,1,-,-
Mississippi State U.,176080,165,143,159,179,175,173,153,146,138,126,134
Missouri U. Science and Technology,178411,113,118,117,100,116,88,107,94,71,84,69
Molloy C.,193292,6,7,4,4,-,-,-,-,-,-,-
"Montana State U., Bozeman",180461,99,64,69,74,71,66,52,78,56,49,53
Montana Technological U.,180416,4,1,1,3,2,-,-,-,-,-,-
Montclair State U.,185590,27,28,30,23,21,15,15,6,15,6,3
Morehouse School of Medicine,140562,7,10,6,2,6,10,7,5,2,5,2
Morgan State U.,163453,44,40,48,37,29,30,28,42,37,25,25
National Louis U.,147536,20,6,7,6,19,12,4,5,2,9,7
National U.,119605,-,-,-,-,-,-,-,-,-,-,-
Naval Postgraduate School,119678,12,13,19,10,6,-,-,-,-,-,-
New England Conservatory,167057,4,6,12,10,10,9,7,6,3,9,5
New Jersey Institute of Technology,185828,99,95,54,56,72,59,55,64,57,67,62
New Mexico Highlands U.,187897,-,-,-,-,-,-,-,-,-,-,-
New Mexico Institute of Mining and Technology,187967,9,13,11,6,13,11,16,11,4,9,15
"New Mexico State U., Las Cruces",188030,112,105,101,107,118,95,97,116,109,122,92
New Orleans Baptist Theological Seminary,159948,17,9,19,14,19,13,15,8,18,21,11
New School,193654,57,51,47,67,71,47,62,73,78,65,68
New York Law School,193821,-,-,-,-,-,-,-,-,-,-,-
New York Medical C.,193830,4,6,8,5,15,6,6,9,7,17,11
New York U.,193900,414,385,411,427,428,434,483,437,477,393,396
"New York U., Tandon School of Engineering",194541,-,-,-,-,-,-,-,-,-,35,31
Norfolk State U.,232937,9,6,4,8,11,2,2,10,4,5,5
North Carolina Agricultural and Technical State U.,199102,69,55,60,52,54,62,47,42,47,28,30
North Carolina Central U.,199157,-,-,-,-,-,-,-,-,-,-,-
North Carolina State U.,199193,540,505,533,533,495,499,480,468,457,456,408
North Dakota State U.,200332,106,106,118,87,120,94,113,101,102,78,78
Northeast Ohio Medical U.,204477,-,1,1,-,-,1,1,-,-,-,-
Northeastern U.,167358,251,193,174,197,178,226,186,156,184,176,117
Northern Arizona U.,105330,51,43,35,44,27,20,39,19,26,22,25
Northern Baptist Theological Seminary,147697,-,-,-,-,-,-,-,-,-,-,-
Northern Illinois U.,147703,69,60,64,70,81,95,62,62,53,72,54
Northwestern State U. Louisiana,160038,-,-,-,-,-,-,-,-,-,-,-
Northwestern U.,147767,491,428,433,484,432,441,454,424,430,469,365
Notre Dame of Maryland U.,163578,12,6,16,12,6,3,9,6,5,4,12
Nova Southeastern U.,136215,69,78,134,165,59,108,102,133,130,122,119
Oakland U.,171571,45,48,51,59,52,38,56,46,59,36,37
Occidental C.,120254,-,-,-,-,-,-,-,-,-,-,-
"Ohio State U., Columbus",204796,767,712,704,726,749,733,716,725,681,695,692
"Ohio U., Athens",204857,114,121,129,138,130,121,118,129,125,107,91
Oklahoma City U.,207458,4,3,4,4,5,10,9,3,3,1,-
"Oklahoma State U., Center for Health Sciences",207315,5,7,5,4,2,3,4,2,2,1,-
"Oklahoma State U., Stillwater",207388,208,211,214,231,228,224,255,242,242,238,215
Old Dominion U.,232982,132,150,147,119,136,141,143,170,104,105,120
Oregon Health and Science U.,209490,62,45,36,38,53,49,44,42,46,41,57
"Oregon Health and Science U., Graduate Institute of Science and Technology",209472,-,-,-,-,-,-,-,-,-,-,-
Oregon State U.,209542,290,244,255,287,238,267,203,210,196,212,204
Pace U.,194310,11,7,13,4,12,1,1,-,-,-,-
Pacific U.,209612,10,14,2,-,-,-,-,-,-,-,-
Pacifica Graduate Institute,115746,63,47,42,53,-,-,-,-,-,-,-
Palo Alto U.,120698,85,61,68,54,58,62,55,46,64,50,34
Pardee RAND Graduate School,121628,21,10,16,11,15,15,22,23,21,9,19
Pennsylvania State U.,495767,710,629,688,659,699,694,679,693,654,677,651
Pepperdine U.,121150,-,-,-,-,-,-,-,-,-,-,-
Phillips U.,207616,-,-,-,-,-,-,-,-,-,-,-
Piedmont International U.,489937,1,2,1,-,-,-,-,-,-,-,-
Ponce Heath Sciences U.,243081,2,2,5,2,-,4,6,4,4,5,6
"Pontifical Catholic U. Puerto Rico, Ponce",241410,33,26,16,15,16,13,24,20,18,20,25
Portland State U.,209807,76,86,72,71,78,61,66,65,60,60,54
Prairie View A&M U.,227526,10,13,6,6,5,3,4,1,5,4,3
Presbyterian School of Christian Education,233204,-,-,-,-,-,-,-,-,-,-,-
Prescott C.,105589,9,4,8,5,10,11,3,15,5,8,7
Princeton Theological Seminary,186122,10,6,10,9,8,8,9,11,14,22,20
Princeton U.,186131,447,293,318,398,396,358,373,371,389,319,351
Providence C.,217402,-,-,-,-,-,-,-,-,-,-,-
"Purdue U., West Lafayette",243780,798,776,794,730,730,741,727,715,730,686,651
"Reformed Theological Seminary, Charlotte",176284,-,-,-,-,-,-,-,-,-,-,-
Regent U.,231651,65,83,64,58,45,58,73,76,76,68,15
Rensselaer Polytechnic Institute,194824,119,111,130,147,164,122,142,164,135,150,136
Rice U.,227757,222,162,206,221,206,192,208,172,186,170,183
Rochester Institute of Technology,195003,45,51,48,33,31,25,35,33,29,17,14
Rockefeller U.,195049,40,33,30,30,30,23,31,28,23,17,40
Roosevelt U.,148487,2,1,2,2,-,1,1,-,-,3,2
Rosalind Franklin U. Medicine and Science,145558,13,15,10,15,18,16,19,13,4,3,10
Rowan U.,184782,5,2,4,3,4,6,3,5,4,-,-
Rush U.,148511,18,16,12,15,13,12,16,17,5,12,6
"Rutgers, State U. New Jersey, Camden",186371,7,8,10,11,6,4,8,3,3,3,-
"Rutgers, State U. New Jersey, New Brunswick",186380,375,342,398,441,435,440,415,436,460,440,408
"Rutgers, State U. New Jersey, Newark",186399,68,69,60,69,74,93,73,97,93,77,70
Saint Joseph's U.,215770,21,-,-,-,-,-,-,-,-,-,-
Saint Louis U.,179159,95,106,118,135,130,157,111,119,132,101,112
"Saint Mary's C., Notre Dame",152390,-,-,-,-,-,-,-,-,-,-,-
Saint Mary's U. Minnesota,174817,-,-,-,-,-,-,-,-,-,-,-
Salus U.,214564,7,1,1,3,-,-,-,-,-,-,-
Salve Regina U.,217536,7,5,5,10,13,12,6,9,3,5,3
Sam Houston State U.,227881,25,24,26,20,21,26,20,26,26,27,24
"San Diego State U., San Diego",122409,55,15,44,35,62,3,14,12,12,17,4
Sanford Burnham Prebys Medical Discovery Institute,481535,6,3,6,7,5,5,5,4,-,-,-
Santa Clara U.,122931,7,6,4,7,6,7,-,2,5,3,6
Saybrook U.,123095,34,40,31,41,32,29,47,56,48,30,36
"Scripps Research Institute, La Jolla",435338,48,42,40,52,35,19,35,35,38,39,43
Seattle Pacific U.,236577,19,19,16,21,31,20,24,14,21,20,17
Seattle U.,236595,-,-,-,-,-,-,-,-,-,-,-
Seton Hall U.,186584,29,33,37,38,33,46,32,46,22,24,7
Simmons U.,167783,4,6,3,9,9,13,5,12,10,4,11
Smith C.,167835,10,6,7,8,6,9,11,8,9,10,7
Sofia U.,110778,6,5,10,6,11,8,9,18,-,39,32
South Carolina State U.,218733,-,-,-,-,-,-,-,-,-,-,-
South Dakota School of Mines & Technology,219347,21,18,15,15,18,15,11,9,18,8,7
South Dakota State U.,219356,48,58,66,40,52,54,46,64,47,45,38
Southeastern Baptist Theological Seminary,199759,23,19,24,20,14,7,19,15,11,15,8
Southern Baptist Theological Seminary,157748,38,20,22,32,41,36,36,41,36,30,40
"Southern Illinois U., Carbondale",149222,109,103,135,134,165,174,177,188,170,148,161
"Southern Illinois U., Edwardsville",149231,-,-,-,-,-,-,-,-,-,-,-
Southern Methodist U.,228246,83,84,80,59,72,75,68,73,61,51,57
Southern New Hampshire U.,183026,1,2,4,7,3,3,-,3,6,6,4
"Southern U. and A&M C., Baton Rouge",160621,17,17,21,21,15,8,21,24,8,26,44
Southwestern Baptist Theological Seminary,494603,32,38,37,16,22,23,17,22,25,17,14
Spalding U.,157757,-,-,-,-,-,-,-,-,-,-,-
Springfield C.,167899,5,7,5,4,13,7,11,8,6,11,7
St. Ambrose U.,154235,3,2,2,2,3,2,4,7,4,5,3
St. Bonaventure U.,195164,-,-,-,-,-,-,-,-,-,-,-
"St. John's U., Queens",195809,79,69,38,42,33,41,55,40,30,25,30
"St. Mary's Seminary & U., Baltimore",163842,-,-,-,-,-,-,-,-,-,-,-
"St. Mary's U., San Antonio",228149,7,8,11,6,8,3,5,14,3,8,3
Stanford U.,243744,836,815,769,770,726,758,763,689,729,763,706
State U. New York C. Environmental Science and Forestry,196103,23,24,20,23,21,20,20,26,30,21,25
State U. New York Polytechnic Institute,196112,9,8,-,-,-,-,-,-,-,-,-
"State U. New York, C. Optometry",196228,2,-,1,2,7,2,2,2,3,2,2
"State U. New York, Upstate Medical U.",196307,17,11,13,17,20,13,18,14,12,16,21
Stephen F. Austin State U.,228431,2,-,-,1,2,1,2,1,2,-,2
Stevens Institute of Technology,186867,65,50,54,51,49,57,50,55,44,49,46
Stony Brook U.,196097,298,244,274,266,257,264,272,295,268,270,237
Suffolk U.,168005,11,12,14,13,15,7,10,10,22,17,16
"SUNY, Binghamton U.",196079,172,180,174,150,150,130,131,130,173,142,146
"SUNY, Downstate Health Sciences U.",196255,6,6,10,8,3,13,11,8,9,20,8
"SUNY, U. Albany",196060,164,127,142,137,168,165,183,157,180,171,202
"SUNY, U. Buffalo",196088,357,340,358,382,332,341,335,337,342,328,294
Syracuse U.,196413,157,130,138,156,149,217,132,155,140,196,166
"Teachers C., Columbia U.",196468,77,97,93,100,98,189,180,205,185,211,221
Temple U.,216339,235,232,216,250,227,257,272,204,243,206,223
Tennessee State U.,221838,22,30,17,31,24,17,20,16,24,7,12
Tennessee Technological U.,221847,28,20,32,25,19,23,12,19,23,12,18
Texas A&M Health Science Center,223214,-,-,-,-,-,-,-,-,-,30,14
Texas A&M International U.,226152,-,-,2,10,-,-,-,-,-,-,-
Texas A&M U.-Commerce,224554,17,22,18,21,19,14,19,14,14,19,10
Texas A&M U.-Corpus Christi,224147,23,14,25,16,20,19,20,21,20,21,18
Texas A&M U.-Kingsville,228705,11,9,16,4,5,6,5,4,7,10,9
"Texas A&M U., College Station",228723,793,765,772,743,730,732,684,732,714,668,652
Texas Christian U.,228875,26,33,27,30,32,25,23,25,20,21,19
Texas Southern U.,229063,36,18,25,22,25,45,27,25,37,20,29
Texas State U.,228459,42,49,54,53,51,36,53,46,51,44,31
Texas Tech U.,229115,384,375,356,317,304,341,300,323,302,266,242
"Texas Tech U. Health Sciences Center, Lubbock",229337,11,16,14,19,13,17,10,24,16,10,12
Texas Wesleyan U.,229160,3,-,-,-,-,-,-,-,-,-,-
Texas Woman's U.,229179,96,87,106,71,97,93,98,85,82,64,89
Thomas Jefferson U.,216366,26,18,17,28,13,28,21,18,19,19,22
Towson U.,164076,15,11,16,11,13,17,15,13,7,10,9
"Towson U., Baltimore Hebrew Institute",161837,-,-,-,-,-,-,-,-,-,-,-
"Toyota Technological Institute, Chicago",445054,4,3,1,3,-,2,1,1,2,1,1
Tufts U.,168148,143,113,138,138,156,138,131,117,124,120,142
Tulane U.,160755,111,119,109,102,91,107,116,111,111,127,114
Tuskegee U.,102377,9,5,14,5,3,12,7,6,3,8,2
"U. Akron, Akron",200800,83,128,128,122,137,141,122,121,114,97,94
"U. Alabama, Birmingham",100663,137,141,149,150,164,127,157,179,175,159,179
"U. Alabama, Huntsville",100706,41,40,40,38,25,42,32,33,30,27,37
"U. Alabama, Tuscaloosa",100751,194,152,157,171,182,199,197,189,167,182,142
"U. Alaska, Anchorage",102553,3,6,5,2,2,3,1,1,-,-,-
"U. Alaska, Fairbanks",102614,32,36,49,36,54,49,47,40,49,52,50
U. Arizona,104179,374,380,473,406,389,401,436,470,433,408,416
U. Arkansas for Medical Sciences,106263,17,17,25,15,33,28,39,29,31,20,27
"U. Arkansas, Fayetteville",106397,217,200,193,179,195,148,162,148,125,172,138
"U. Arkansas, Little Rock",106245,39,43,32,29,28,12,39,40,47,22,24
U. Bridgeport,128744,3,13,2,12,14,9,4,11,3,3,2
"U. California, Berkeley",110635,830,787,796,864,852,798,793,812,917,913,865
"U. California, Davis",110644,587,464,497,521,546,505,501,539,488,569,552
"U. California, Irvine",110653,514,393,420,407,380,403,393,390,414,434,410
"U. California, Los Angeles",110662,786,639,632,701,688,726,689,743,757,742,687
"U. California, Merced",445188,105,56,63,63,53,43,37,30,41,25,19
"U. California, Riverside",110671,329,268,271,292,299,268,239,272,263,253,263
"U. California, San Diego",110680,545,490,512,492,471,520,521,501,481,485,517
"U. California, San Francisco",110699,137,125,133,130,131,143,123,130,136,136,133
"U. California, Santa Barbara",110705,356,296,281,323,355,315,328,342,353,373,334
"U. California, Santa Cruz",110714,206,167,150,190,157,166,174,148,175,160,168
U. Central Arkansas,106704,22,12,11,9,-,-,-,-,-,-,-
U. Central Florida,132903,299,282,261,230,228,218,245,241,223,204,191
U. Chicago,144050,462,455,369,409,432,387,395,391,401,412,402
"U. Cincinnati, Uptown West Campus",201885,210,222,228,241,239,230,283,213,248,230,238
U. Colorado Boulder,126614,426,394,392,388,383,392,400,418,380,375,345
U. Colorado Colorado Springs,126580,32,30,25,30,23,30,22,19,18,23,11
U. Colorado Denver,126562,124,129,100,105,97,100,103,96,114,110,101
"U. Connecticut, Storrs",129020,288,295,326,355,334,348,330,331,311,304,306
U. Dallas,224323,9,7,3,8,5,9,8,4,4,8,8
U. Dayton,202480,49,25,44,45,41,40,41,34,27,30,22
U. Delaware,130943,236,206,211,235,231,232,269,219,194,179,212
U. Denver,127060,89,86,95,96,103,94,115,23,32,15,3
U. Detroit Mercy,169716,7,8,7,4,7,6,9,7,7,9,6
U. Florida,134130,771,711,650,718,738,714,730,747,763,725,692
U. Georgia,139959,511,400,449,428,461,472,455,424,421,412,412
U. Hartford,129525,-,1,1,-,1,1,1,1,1,-,-
"U. Hawaii, Hilo",141565,2,1,-,-,-,-,-,-,-,-,-
"U. Hawaii, Manoa",141574,159,132,195,208,201,189,201,240,196,229,194
U. Houston,225511,331,338,292,300,325,300,276,250,233,219,232
U. Idaho,142285,74,79,53,40,47,53,69,80,87,95,58
"U. Illinois, Chicago",145600,340,309,322,326,325,325,327,290,299,326,321
"U. Illinois, Springfield",148654,-,-,-,-,-,-,-,-,-,-,-
"U. Illinois, Urbana-Champaign",145637,824,662,820,759,766,782,677,782,755,757,808
U. Incarnate Word,225627,7,11,9,16,12,18,11,15,15,14,11
U. Iowa,153658,319,286,302,311,322,347,368,344,361,397,369
U. Kansas,155317,269,237,310,304,318,310,302,351,293,324,278
U. Kentucky,157085,305,324,332,322,285,305,299,288,319,292,310
U. La Verne,117140,-,-,-,-,-,-,-,-,-,-,-
U. Louisiana at Lafayette,160658,49,42,40,45,41,44,43,36,39,42,47
"U. Louisiana, Monroe",159993,24,16,14,12,15,18,19,19,16,15,8
U. Louisville,157289,157,127,138,154,149,145,137,161,154,133,162
U. Maine,161253,71,65,60,66,50,55,59,66,74,44,59
"U. Maryland, Baltimore",163259,87,66,64,71,81,88,67,81,63,81,75
"U. Maryland, Baltimore County",163268,103,88,85,81,93,88,83,99,102,95,72
"U. Maryland, College Park",163286,565,501,568,575,586,528,546,619,583,658,587
"U. Maryland, Eastern Shore",163338,9,15,13,18,13,13,16,15,19,13,25
"U. Massachusetts, Amherst",166629,349,258,313,349,295,307,298,268,277,295,270
"U. Massachusetts, Boston",166638,84,87,90,68,74,53,50,31,45,21,26
"U. Massachusetts, Dartmouth",167987,29,32,25,29,29,33,32,26,23,13,8
"U. Massachusetts, Lowell",166513,121,98,135,114,84,73,96,87,60,66,58
"U. Massachusetts, Medical School",166708,46,41,45,49,66,55,55,54,54,45,65
U. Memphis,220862,162,120,182,138,151,158,154,127,124,129,130
U. Miami,135726,189,212,204,198,216,201,215,205,158,192,179
"U. Michigan, Ann Arbor",170976,861,793,846,801,853,778,818,851,850,853,828
"U. Michigan, Dearborn",171137,17,5,9,4,5,8,2,3,2,1,-
"U. Michigan, Flint",171146,1,-,-,1,1,-,-,-,-,-,-
"U. Minnesota, Twin Cities",174066,693,626,647,719,665,678,787,711,762,762,721
"U. Mississippi, Oxford",176017,129,109,111,128,119,99,121,116,117,102,95
"U. Missouri, Columbia",178396,287,271,287,325,353,343,308,331,302,316,297
"U. Missouri, Kansas City",178402,77,66,62,61,50,62,64,66,71,52,57
"U. Missouri, Saint Louis",178420,49,48,51,55,57,57,57,74,52,52,62
"U. Montana, Missoula",180489,47,48,49,47,38,53,66,49,50,50,39
"U. Nebraska, Lincoln",181464,282,241,268,275,257,267,276,275,281,306,223
"U. Nebraska, Medical Center",181428,94,66,64,77,65,70,86,81,60,42,40
"U. Nebraska, Omaha",181394,27,20,20,24,15,19,18,10,17,9,13
"U. Nevada, Las Vegas",182281,110,106,140,109,116,99,110,106,90,98,96
"U. Nevada, Reno",182290,125,134,111,108,124,101,119,105,109,113,108
"U. New Hampshire, Durham",183044,80,72,70,77,75,63,66,75,75,64,59
U. New Haven,129941,3,2,2,3,4,-,2,-,-,-,-
"U. New Mexico, Albuquerque",187985,175,162,188,215,191,191,192,219,226,195,197
U. New Orleans,159939,25,37,38,40,48,42,43,44,52,49,58
"U. North Carolina, Chapel Hill",199120,474,433,556,489,473,542,510,492,535,496,472
"U. North Carolina, Charlotte",199139,156,138,111,129,114,108,105,114,102,125,114
"U. North Carolina, Greensboro",199148,116,88,115,93,105,102,140,94,102,97,85
"U. North Carolina, Wilmington",199218,6,3,2,2,6,2,2,-,4,5,3
U. North Dakota,200280,79,69,71,81,73,87,72,74,57,62,59
"U. North Texas, Denton",227216,255,211,239,232,192,209,237,225,208,159,186
"U. North Texas, Health Science Center",228909,6,15,10,18,22,20,17,20,18,11,16
U. Northern Colorado,127741,108,77,96,57,72,68,66,71,72,68,57
U. Northern Iowa,154095,7,3,8,20,22,13,14,12,14,26,11
U. Notre Dame,152080,285,240,237,240,274,238,214,243,205,213,207
"U. Oklahoma, Norman",207500,194,219,228,199,233,242,234,236,239,222,230
"U. Oklahoma, Oklahoma City",207342,21,-,-,-,-,-,-,-,-,-,-
U. Oregon,209551,204,163,186,176,167,195,142,172,137,145,158
U. Pacific,120883,8,7,14,11,4,3,6,10,15,9,3
U. Pennsylvania,215062,516,455,468,450,448,488,464,481,452,436,442
"U. Pittsburgh, Pittsburgh",215293,396,353,420,375,404,386,447,417,475,419,396
U. Portland,209825,-,-,-,-,-,-,-,-,-,-,-
"U. Puerto Rico, Mayaguez",243197,14,14,13,20,21,9,22,21,18,27,18
"U. Puerto Rico, Medical Sciences Campus",243203,17,9,7,18,7,-,20,10,21,7,7
"U. Puerto Rico, Rio Piedras",243221,56,23,29,28,59,26,70,79,79,54,81
U. Redlands,121691,-,-,-,-,-,-,-,-,-,-,-
U. Rhode Island,217484,92,83,90,103,104,100,84,92,102,99,90
U. Rochester,195030,208,202,207,186,207,201,240,207,228,246,214
U. San Diego,122436,47,28,21,32,30,36,37,34,36,29,27
U. San Francisco,122612,38,27,28,9,21,35,32,22,34,31,40
"U. Sciences, Philadelphia",215132,-,19,23,17,29,16,9,13,13,11,16
U. South Alabama,102094,31,34,36,28,23,31,28,15,22,13,21
"U. South Carolina, Columbia",218663,249,221,323,265,279,246,269,315,280,276,233
U. South Dakota,219471,26,32,29,30,37,31,40,32,29,19,28
"U. South Florida, Tampa",137351,294,304,327,308,310,313,287,296,289,272,242
U. Southern California,123961,479,397,437,494,435,460,490,452,431,449,445
U. Southern Maine,161554,2,5,9,7,-,1,15,6,2,5,-
U. Southern Mississippi,176372,106,88,110,124,118,113,110,125,104,149,175
U. St. Thomas,174914,-,-,-,-,-,-,-,-,-,-,-
"U. St. Thomas, Houston",227863,1,3,1,-,3,4,2,1,3,2,1
"U. Tennessee, Chattanooga",221740,9,3,8,2,6,16,5,2,3,-,1
"U. Tennessee, Knoxville",221759,357,340,393,359,373,365,335,314,316,318,319
"U. Tennessee, The, Health Science Center",487010,31,27,21,23,13,35,30,28,28,25,31
"U. Texas Health Science Center, Houston",229300,116,111,103,119,129,128,114,146,125,113,116
"U. Texas Health Science Center, San Antonio",228644,39,46,29,32,33,34,47,48,46,46,54
U. Texas Medical Branch,228653,35,42,41,37,41,50,49,43,39,37,42
U. Texas Rio Grande Valley,227368,19,12,10,17,20,5,9,7,11,16,4
U. Texas Southwestern Medical Center,228635,82,62,46,88,78,53,85,89,79,85,96
"U. Texas, Arlington",228769,217,230,205,200,185,206,187,192,214,145,165
"U. Texas, Austin",228778,741,667,744,801,762,795,849,841,851,798,807
"U. Texas, Dallas",228787,255,244,240,227,222,201,174,195,173,173,181
"U. Texas, El Paso",228796,100,69,119,78,75,91,65,99,97,84,53
"U. Texas, San Antonio",229027,130,133,121,125,116,105,102,94,95,82,64
U. Toledo,206084,116,114,115,118,117,109,136,136,110,107,102
"U. Toledo, Health Science Campus",203951,-,-,-,-,-,-,-,-,-,-,-
U. Tulsa,207971,37,40,41,44,35,43,36,32,32,28,25
U. Utah,230764,448,321,336,361,332,329,317,372,313,315,325
U. Vermont,231174,66,63,52,74,59,54,67,67,66,70,60
"U. Virginia, Charlottesville",234076,335,297,305,308,324,326,292,346,393,378,374
"U. Washington, Seattle",236948,615,632,681,708,619,604,615,666,648,653,580
U. West,449870,1,2,3,4,1,-,4,3,2,4,-
U. West Florida,138354,22,16,9,9,5,2,15,16,20,37,18
U. West Georgia,141334,6,5,5,-,-,-,-,-,-,-,-
U. Wisconsin-Madison,240444,753,664,724,780,770,842,823,836,783,735,793
U. Wisconsin-Milwaukee,240453,145,159,140,164,184,177,147,167,187,152,155
U. Wyoming,240727,74,84,94,78,102,101,81,85,103,66,62
U.S. International University,124885,-,-,-,-,-,-,-,-,-,-,-
U.S. Sports Academy,102395,-,-,-,-,-,-,-,-,-,-,-
Uniformed Services U. Health Sciences,164137,16,16,24,20,26,23,22,29,17,18,15
"Union C., Schenectady",196866,-,-,-,-,-,-,-,-,-,-,-
Union Presbyterian Seminary,233842,-,-,2,1,3,5,1,1,3,2,6
Union Theological Seminary,196884,4,3,5,2,3,9,7,4,5,11,3
United Lutheran Seminary,213631,1,2,-,-,-,-,-,-,-,-,-
Universidad Central del Caribe,243568,4,3,1,1,6,-,8,2,-,-,-
"Utah State U., Logan",230728,113,93,96,90,87,87,111,95,102,107,79
Valdosta State U.,141264,-,-,-,-,-,-,-,-,-,-,-
Van Andel Research Institute,534490,2,8,3,3,3,4,2,2,1,-,2
Vanderbilt U.,221999,329,264,281,291,280,313,300,324,295,286,256
Villanova U.,216597,19,28,24,19,32,27,22,20,20,19,14
Virginia Commonwealth U.,234030,170,186,196,178,194,182,174,151,194,226,196
Virginia Polytechnic Institute and State U.,233921,459,465,495,405,426,438,472,451,473,473,443
Virginia State U.,234155,1,-,-,-,-,-,-,-,-,-,-
Wake Forest U.,199847,35,47,30,49,31,38,56,52,53,48,57
Walden U.,125231,829,846,865,820,746,659,635,559,565,442,386
Washington State U.,236939,276,245,314,259,298,279,279,263,246,249,180
"Washington U., Saint Louis",179867,299,250,289,287,256,272,264,287,258,252,246
Wayne State U.,172644,202,163,202,205,205,247,204,224,236,205,211
Wesleyan U.,130697,12,9,10,11,20,10,15,16,14,21,13
West Texas A&M U.,229814,1,1,2,-,1,3,4,2,3,-,5
West Virginia U.,238032,209,194,203,201,200,179,224,199,182,181,188
Western Michigan U.,172699,124,116,134,113,124,119,119,108,118,105,109
Western New England U.,168254,7,4,9,3,3,4,-,7,-,-,-
Western Seminary,210368,-,-,-,-,-,-,-,-,-,-,-
Westminster Theological Seminary,216816,6,7,6,2,7,2,2,11,5,4,4
"Wheaton C., Wheaton",149781,4,4,5,6,6,6,2,5,-,-,-
Wichita State U.,156125,26,30,35,37,46,41,37,41,32,33,32
"Widener U., Chester",216852,26,24,16,24,23,23,25,25,28,20,14
Wilkes U.,216931,13,-,-,-,-,-,-,-,-,-,-
William & Mary,231624,66,51,62,66,76,74,54,61,53,50,47
Wilmington U.,131113,-,-,-,-,-,-,-,-,-,-,-
Worcester Polytechnic Institute,168421,68,62,54,60,66,46,35,42,31,41,34
Wright Institute,126012,-,-,-,-,-,-,-,-,-,-,-
"Wright State U., Dayton",206604,43,40,33,37,39,49,50,32,42,39,24
Yale U.,130794,424,410,423,415,410,379,407,420,403,393,379
Yeshiva U.,197708,28,24,23,25,60,46,92,56,70,72,63
Youngstown State U.,206695,3,1,2,-,3,2,1,-,-,-,-